CASE#,DATE  OF OCCURRENCE,BLOCK, IUCR, PRIMARY DESCRIPTION, SECONDARY DESCRIPTION, LOCATION DESCRIPTION,ARREST,DOMESTIC,BEAT,WARD,FBI CD,X COORDINATE,Y COORDINATE,LATITUDE,LONGITUDE,LOCATION
HX479554,10/23/2014 07:31:14 PM,077XX S VERNON AVE,2027,NARCOTICS,POSS: CRACK,RESIDENCE,Y,N,624,6,18,1180552,1853493,,,
HX479562,10/23/2014 07:39:00 PM,007XX N LOTUS AVE,143A,WEAPONS VIOLATION,UNLAWFUL POSS OF HANDGUN,RESIDENCE,Y,N,1524,37,15,1139823,1904302,41.89350728086041,-87.76193251112646,"(41.89350728086041, -87.76193251112646)"
HX479511,10/23/2014 07:39:00 PM,047XX W CONGRESS PKWY,2024,NARCOTICS,POSS: HEROIN(WHITE),ALLEY,Y,N,1131,24,18,1144850,1897233,41.87401575709423,-87.7436482733529,"(41.87401575709423, -87.7436482733529)"
HX479552,10/23/2014 07:40:00 PM,046XX W PALMER ST,0420,BATTERY,AGGRAVATED:KNIFE/CUTTING INSTR,SIDEWALK,N,N,2522,31,04B,1144919,1914259,41.92073570147074,-87.74296477828483,"(41.92073570147074, -87.74296477828483)"
HX479532,10/23/2014 07:40:00 PM,050XX W DIVISION ST,0610,BURGLARY,FORCIBLE ENTRY,RESIDENCE,N,N,2533,37,05,1142311,1907556,41.90239080384854,-87.75271395804485,"(41.90239080384854, -87.75271395804485)"
HX479490,10/23/2014 07:45:00 PM,005XX N SPRINGFIELD AVE,1320,CRIMINAL DAMAGE,TO VEHICLE,STREET,N,N,1122,27,14,1150258,1903120,41.89006665881869,-87.7236388928604,"(41.89006665881869, -87.7236388928604)"
HX479512,10/23/2014 07:45:00 PM,018XX E 71ST ST,0560,ASSAULT,SIMPLE,RESIDENCE PORCH/HALLWAY,N,N,333,5,08A,1190032,1858201,41.76593817639351,-87.57902112561513,"(41.76593817639351, -87.57902112561513)"
HX479510,10/23/2014 07:50:00 PM,025XX E 75TH ST,0460,BATTERY,SIMPLE,GROCERY FOOD STORE,N,N,421,7,08B,1194458,1855683,41.75892094280836,-87.56288129169096,"(41.75892094280836, -87.56288129169096)"
HX479523,10/23/2014 07:50:00 PM,106XX S CALHOUN AVE,0460,BATTERY,SIMPLE,SIDEWALK,N,N,434,10,08B,1194838,1835159,41.7025919307154,-87.56216256140026,"(41.7025919307154, -87.56216256140026)"
HX479518,10/23/2014 07:50:00 PM,016XX W 59TH ST,1811,NARCOTICS,POSS: CANNABIS 30GMS OR LESS,SIDEWALK,Y,N,714,15,18,1166452,1865545,41.78662600164677,-87.66524055867387,"(41.78662600164677, -87.66524055867387)"
HX479515,10/23/2014 07:52:00 PM,081XX S ASHLAND AVE,0460,BATTERY,SIMPLE,GAS STATION,N,N,614,21,08B,1167044,1850938,41.746529818768835,-87.66348706046263,"(41.746529818768835, -87.66348706046263)"
HX479942,10/23/2014 08:00:00 PM,029XX S WABASH AVE,0610,BURGLARY,FORCIBLE ENTRY,"SCHOOL, PUBLIC, BUILDING",N,N,133,2,05,1177163,1885537,41.84125070522215,-87.62536470323673,"(41.84125070522215, -87.62536470323673)"
HX480017,10/23/2014 08:00:00 PM,027XX W ADAMS ST,0910,MOTOR VEHICLE THEFT,AUTOMOBILE,STREET,N,N,1125,2,07,1158207,1898873,41.87825379597408,-87.69456255741173,"(41.87825379597408, -87.69456255741173)"
HX479529,10/23/2014 08:00:00 PM,035XX S RHODES AVE,0460,BATTERY,SIMPLE,APARTMENT,Y,N,212,4,08B,1180122,1881754,41.830802442256264,-87.61462248466025,"(41.830802442256264, -87.61462248466025)"
HX479580,10/23/2014 08:00:00 PM,028XX E 76TH ST,031A,ROBBERY,ARMED: HANDGUN,SIDEWALK,N,N,421,7,03,1196687,1855901,41.75946407889314,-87.55470507729227,"(41.75946407889314, -87.55470507729227)"
HX479586,10/23/2014 08:00:00 PM,003XX E OHIO ST,1505,PROSTITUTION,CALL OPERATION,HOTEL/MOTEL,Y,N,1834,42,16,1178444,1904301,41.89271116116999,-87.62009183188337,"(41.89271116116999, -87.62009183188337)"
HX479517,10/23/2014 08:00:00 PM,023XX S LAWNDALE AVE,0486,BATTERY,DOMESTIC BATTERY SIMPLE,RESIDENCE,N,Y,1013,22,08B,1152117,1888090,41.848786207731074,-87.71720793584703,"(41.848786207731074, -87.71720793584703)"
HX483897,10/23/2014 08:00:00 PM,010XX W BELDEN AVE,0820,THEFT,$500 AND UNDER,"SCHOOL, PRIVATE, BUILDING",N,N,1811,32,06,1168950,1915417,41.92342539678941,-87.65463623585732,"(41.92342539678941, -87.65463623585732)"
HX482851,10/23/2014 08:00:00 PM,048XX S LAWLER AVE,0610,BURGLARY,FORCIBLE ENTRY,RESIDENCE-GARAGE,N,N,814,23,05,1143467,1872158,41.80523235077376,-87.74935201878775,"(41.80523235077376, -87.74935201878775)"
HX479896,10/23/2014 08:00:00 PM,016XX N DRAKE AVE,0910,MOTOR VEHICLE THEFT,AUTOMOBILE,STREET,N,N,1422,26,07,1152529,1910654,41.91069609591861,-87.71509931000287,"(41.91069609591861, -87.71509931000287)"
HX479849,10/23/2014 08:00:00 PM,051XX W DEMING PL,0910,MOTOR VEHICLE THEFT,AUTOMOBILE,STREET,N,N,2521,31,07,1141523,1916436,41.92677309454613,-87.75538864528725,"(41.92677309454613, -87.75538864528725)"
HX479829,10/23/2014 08:00:00 PM,019XX W WARNER AVE,0910,MOTOR VEHICLE THEFT,AUTOMOBILE,STREET,N,Y,1912,47,07,1162811,1927536,41.95681173390005,-87.67685208557648,"(41.95681173390005, -87.67685208557648)"
HX479752,10/23/2014 08:00:00 PM,008XX W BELMONT AVE,2820,OTHER OFFENSE,TELEPHONE THREAT,OTHER,N,Y,1933,44,26,1169880,1921409,41.93984747250932,-87.65104389145081,"(41.93984747250932, -87.65104389145081)"
HX480375,10/23/2014 08:00:00 PM,064XX S HARPER AVE,0340,ROBBERY,ATTEMPT: STRONGARM-NO WEAPON,STREET,N,N,314,5,03,1187493,1862695,41.778330818493075,-87.58818457687737,"(41.778330818493075, -87.58818457687737)"
HX480671,10/23/2014 08:00:00 PM,043XX N WINCHESTER AVE,1320,CRIMINAL DAMAGE,TO VEHICLE,STREET,N,N,1912,47,14,1162589,1929111,41.96113827321692,-87.67762391312556,"(41.96113827321692, -87.67762391312556)"
HX480354,10/23/2014 08:00:00 PM,024XX N KEDZIE BLVD,0910,MOTOR VEHICLE THEFT,AUTOMOBILE,STREET,N,N,1413,35,07,1154589,1916056,41.925478641307336,-87.70738673974654,"(41.925478641307336, -87.70738673974654)"
HX480342,10/23/2014 08:00:00 PM,027XX W 31ST ST,1310,CRIMINAL DAMAGE,TO PROPERTY,OTHER,N,N,1034,12,14,1158528,1883958,41.837318906248726,-87.69379183520137,"(41.837318906248726, -87.69379183520137)"
HX479537,10/23/2014 08:00:00 PM,088XX S COTTAGE GROVE AVE,0810,THEFT,OVER $500,PARKING LOT/GARAGE(NON.RESID.),N,N,632,6,06,1183076,1846252,41.73331342061964,-87.604887734963,"(41.73331342061964, -87.604887734963)"
HX479887,10/23/2014 08:00:00 PM,014XX W 69TH ST,1320,CRIMINAL DAMAGE,TO VEHICLE,ALLEY,N,N,725,17,14,1168052,1859034,41.76872473901841,-87.6595611610597,"(41.76872473901841, -87.6595611610597)"
HX479855,10/23/2014 08:00:00 PM,047XX S WOODLAWN AVE,0910,MOTOR VEHICLE THEFT,AUTOMOBILE,STREET,N,N,222,4,07,1185006,1873624,41.808379647931766,-87.59695872878548,"(41.808379647931766, -87.59695872878548)"
HX479966,10/23/2014 08:00:00 PM,003XX W 59TH ST,0810,THEFT,OVER $500,STREET,N,N,711,20,06,1175019,1865789,41.78710859670839,-87.63382227034494,"(41.78710859670839, -87.63382227034494)"
HX479794,10/23/2014 08:12:00 PM,068XX S KILBOURN AVE,0560,ASSAULT,SIMPLE,RESIDENCE,N,Y,833,13,08A,1147595,1858910,41.76879975122693,-87.73455037775236,"(41.76879975122693, -87.73455037775236)"
HX479590,10/23/2014 08:15:00 PM,005XX N CENTRAL PARK AVE,143A,WEAPONS VIOLATION,UNLAWFUL POSS OF HANDGUN,APARTMENT,N,N,1122,27,15,1152239,1903711,41.89164956665272,-87.71634810991121,"(41.89164956665272, -87.71634810991121)"
HX479544,10/23/2014 08:15:00 PM,016XX S CENTRAL PARK AVE,0560,ASSAULT,SIMPLE,APARTMENT,Y,Y,1021,24,08A,1152690,1891272,41.857506692837894,-87.71502086940558,"(41.857506692837894, -87.71502086940558)"
HX479670,10/23/2014 08:15:00 PM,014XX W WEBSTER AVE,0820,THEFT,$500 AND UNDER,OTHER,N,N,1811,32,06,1166033,1914691,41.921496063160376,-87.6653750898083,"(41.921496063160376, -87.6653750898083)"
HX479546,10/23/2014 08:15:00 PM,016XX W 91ST ST,1811,NARCOTICS,POSS: CANNABIS 30GMS OR LESS,PARKING LOT/GARAGE(NON.RESID.),Y,N,2221,21,18,1167216,1844392,41.72856296341336,-87.66304362519202,"(41.72856296341336, -87.66304362519202)"
HX479538,10/23/2014 08:20:00 PM,037XX W FULLERTON AVE,1310,CRIMINAL DAMAGE,TO PROPERTY,APARTMENT,N,N,2525,35,14,1151070,1915657,41.92445351315293,-87.72032780658954,"(41.92445351315293, -87.72032780658954)"
HX479535,10/23/2014 08:20:00 PM,041XX W FULLERTON AVE,1570,SEX OFFENSE,PUBLIC INDECENCY,STREET,Y,N,2525,31,17,1148266,1915592,41.92432969072403,-87.73063265566068,"(41.92432969072403, -87.73063265566068)"
HX479566,10/23/2014 08:20:00 PM,006XX W HARRISON ST,5000,OTHER OFFENSE,OTHER CRIME AGAINST PERSON,STREET,Y,N,124,2,26,1172058,1897599,41.874463711174286,-87.64374263991598,"(41.874463711174286, -87.64374263991598)"
HX479560,10/23/2014 08:20:00 PM,009XX W HURON ST,0486,BATTERY,DOMESTIC BATTERY SIMPLE,APARTMENT,N,Y,1214,27,08B,1170121,1905125,41.895158053714475,-87.65063457318168,"(41.895158053714475, -87.65063457318168)"
HX479534,10/23/2014 08:24:00 PM,015XX W AUGUSTA BLVD,051A,ASSAULT,AGGRAVATED: HANDGUN,STREET,N,N,1213,27,04A,1165944,1906719,41.89962228195437,-87.66593001444299,"(41.89962228195437, -87.66593001444299)"
HX480563,10/23/2014 08:24:00 PM,008XX E 63RD ST,0860,THEFT,RETAIL THEFT,GAS STATION,N,N,313,20,06,1183199,1863466,41.78054753822002,-87.60390242752462,"(41.78054753822002, -87.60390242752462)"
HX479548,10/23/2014 08:25:00 PM,044XX W THOMAS ST,1020,ARSON,BY FIRE,ALLEY,N,N,1111,37,09,1146441,1906915,41.90055412429948,-87.73755999892273,"(41.90055412429948, -87.73755999892273)"
HX479603,10/23/2014 08:30:00 PM,100XX S COMMERCIAL AVE,1320,CRIMINAL DAMAGE,TO VEHICLE,STREET,N,N,431,10,14,1197821,1839068,41.71324476826172,-87.55110980166044,"(41.71324476826172, -87.55110980166044)"
HX479681,10/23/2014 08:30:00 PM,079XX S INGLESIDE AVE,0486,BATTERY,DOMESTIC BATTERY SIMPLE,APARTMENT,N,Y,624,8,08B,1183897,1852627,41.75078800119572,-87.60168147890661,"(41.75078800119572, -87.60168147890661)"
HX479607,10/23/2014 08:30:00 PM,036XX N SAWYER AVE,0320,ROBBERY,STRONGARM - NO WEAPON,STREET,N,N,1733,33,03,1154031,1924122,41.94762351493671,-87.7092213414187,"(41.94762351493671, -87.7092213414187)"
HX479674,10/23/2014 08:30:00 PM,116XX S AVENUE M,0620,BURGLARY,UNLAWFUL ENTRY,RESIDENCE,N,N,433,10,05,1201548,1828591,41.68440123905319,-87.53781498385125,"(41.68440123905319, -87.53781498385125)"
HX504190,10/23/2014 08:30:00 PM,015XX W FULLERTON AVE,0810,THEFT,OVER $500,CHA APARTMENT,N,N,1811,32,06,1165445,1915982,41.92505119160212,-87.6674987120633,"(41.92505119160212, -87.6674987120633)"
HX479575,10/23/2014 08:30:00 PM,031XX W MADISON ST,0460,BATTERY,SIMPLE,STREET,N,N,1222,28,08B,1155654,1899894,41.8811072800388,-87.70390913927723,"(41.8811072800388, -87.70390913927723)"
HX479567,10/23/2014 08:37:00 PM,0000X W HUBBARD ST,141C,WEAPONS VIOLATION,UNLAWFUL USE OTHER DANG WEAPON,SIDEWALK,Y,N,1831,42,15,1176008,1903270,41.889937260679574,-87.62906926686259,"(41.889937260679574, -87.62906926686259)"
HX479601,10/23/2014 08:41:00 PM,035XX S DR MARTIN LUTHER KING JR DR,0486,BATTERY,DOMESTIC BATTERY SIMPLE,SIDEWALK,N,Y,212,4,08B,1179348,1881845,41.83106988738589,-87.61745951725543,"(41.83106988738589, -87.61745951725543)"
HX479555,10/23/2014 08:43:00 PM,072XX S HERMITAGE AVE,031A,ROBBERY,ARMED: HANDGUN,STREET,N,N,735,17,03,1165973,1856720,41.76241924976,-87.6672474391819,"(41.76241924976, -87.6672474391819)"
HX479557,10/23/2014 08:45:00 PM,048XX N LAKE SHORE DR SB,0460,BATTERY,SIMPLE,PARK PROPERTY,Y,N,2024,48,08B,1170531,1932213,41.96947976897386,-87.64833389402783,"(41.96947976897386, -87.64833389402783)"
HX479582,10/23/2014 08:45:00 PM,079XX S ESCANABA AVE,0454,BATTERY,AGG PO HANDS NO/MIN INJURY,APARTMENT,Y,N,422,7,08B,1196925,1852660,41.75056462905695,-87.5539404398174,"(41.75056462905695, -87.5539404398174)"
HX479568,10/23/2014 08:45:00 PM,011XX N WALLER AVE,0486,BATTERY,DOMESTIC BATTERY SIMPLE,DRIVEWAY - RESIDENTIAL,N,Y,1511,29,08B,1138183,1906993,41.90092153027689,-87.76789061176886,"(41.90092153027689, -87.76789061176886)"
HX480120,10/23/2014 08:45:00 PM,066XX S CARPENTER ST,0460,BATTERY,SIMPLE,STREET,N,N,724,17,08B,1170492,1860948,41.77392419002158,-87.6505616429409,"(41.77392419002158, -87.6505616429409)"
HX479594,10/23/2014 08:45:00 PM,073XX S HALSTED ST,1506,PROSTITUTION,SOLICIT ON PUBLIC WAY,STREET,Y,N,733,17,16,1172192,1856390,41.76137928154064,-87.64446361849147,"(41.76137928154064, -87.64446361849147)"
HX479662,10/23/2014 08:50:00 PM,033XX S INDIANA AVE,0820,THEFT,$500 AND UNDER,RESIDENCE-GARAGE,N,N,211,3,06,1178112,1882823,41.833781769057005,-87.62196472305527,"(41.833781769057005, -87.62196472305527)"
HX479588,10/23/2014 08:53:00 PM,095XX S VANDERPOEL AVE,0330,ROBBERY,AGGRAVATED,SIDEWALK,N,N,2213,19,03,1166302,1841211,41.71985329107428,-87.66648208151845,"(41.71985329107428, -87.66648208151845)"
HX479604,10/23/2014 08:54:00 PM,008XX W 75TH ST,1506,PROSTITUTION,SOLICIT ON PUBLIC WAY,STREET,Y,N,733,17,16,1171897,1855326,41.758466009796926,-87.64557599349817,"(41.758466009796926, -87.64557599349817)"
HX479631,10/23/2014 08:58:00 PM,010XX E 71ST ST,502P,OTHER OFFENSE,FALSE/STOLEN/ALTERED TRP,STREET,Y,N,321,5,26,1184152,1858156,41.76595417227906,-87.60057446936713,"(41.76595417227906, -87.60057446936713)"
HX479615,10/23/2014 08:58:00 PM,048XX W JACKSON BLVD,0554,ASSAULT,AGG PO HANDS NO/MIN INJURY,GAS STATION,Y,N,1533,24,08A,1144380,1898201,41.87668091608521,-87.7453495669266,"(41.87668091608521, -87.7453495669266)"
HX479611,10/23/2014 09:00:00 PM,042XX N KEDZIE AVE,0820,THEFT,$500 AND UNDER,GROCERY FOOD STORE,N,N,1724,33,06,1154250,1928117,41.958581684838244,-87.70830925166455,"(41.958581684838244, -87.70830925166455)"
HX516937,10/23/2014 09:00:00 PM,023XX N MERRIMAC AVE,0486,BATTERY,DOMESTIC BATTERY SIMPLE,APARTMENT,N,Y,2512,29,08B,1134318,1914851,41.92255387897719,-87.78190172316303,"(41.92255387897719, -87.78190172316303)"
HX480064,10/23/2014 09:00:00 PM,003XX S CANAL ST,0820,THEFT,$500 AND UNDER,ATHLETIC CLUB,N,N,121,2,06,1173153,1898669,41.87737565104011,-87.63969056937613,"(41.87737565104011, -87.63969056937613)"
HX479619,10/23/2014 09:00:00 PM,073XX S HALSTED ST,1506,PROSTITUTION,SOLICIT ON PUBLIC WAY,STREET,Y,N,733,17,16,1172192,1856390,41.76137928154064,-87.64446361849147,"(41.76137928154064, -87.64446361849147)"
HX479894,10/23/2014 09:00:00 PM,029XX W 40TH ST,0620,BURGLARY,UNLAWFUL ENTRY,RESIDENCE-GARAGE,N,N,921,14,05,1157184,1878004,41.82100776045463,-87.69888491930193,"(41.82100776045463, -87.69888491930193)"
HX479597,10/23/2014 09:00:00 PM,074XX S HALSTED ST,1506,PROSTITUTION,SOLICIT ON PUBLIC WAY,SIDEWALK,Y,N,733,17,16,1172213,1855599,41.75920821757551,-87.64440986928139,"(41.75920821757551, -87.64440986928139)"
HX479643,10/23/2014 09:00:00 PM,032XX N KIMBALL AVE,1320,CRIMINAL DAMAGE,TO VEHICLE,STREET,N,N,1732,35,14,1153122,1921106,41.939365501911745,-87.71264289539913,"(41.939365501911745, -87.71264289539913)"
HX479915,10/23/2014 09:00:00 PM,044XX S ARTESIAN AVE,0820,THEFT,$500 AND UNDER,STREET,N,N,922,12,06,1160802,1875199,41.81323642610088,-87.68568981512566,"(41.81323642610088, -87.68568981512566)"
HX480065,10/23/2014 09:00:00 PM,039XX N SAWYER AVE,1310,CRIMINAL DAMAGE,TO PROPERTY,APARTMENT,N,N,1733,33,14,1154062,1925963,41.95267472654464,-87.70905810190911,"(41.95267472654464, -87.70905810190911)"
HX479989,10/23/2014 09:00:00 PM,016XX S ROCKWELL ST,0820,THEFT,$500 AND UNDER,PARKING LOT/GARAGE(NON.RESID.),N,N,1023,28,06,1159254,1891934,41.859191049839055,-87.69090887732118,"(41.859191049839055, -87.69090887732118)"
HX482298,10/23/2014 09:00:00 PM,081XX S PERRY AVE,0610,BURGLARY,FORCIBLE ENTRY,RESIDENCE-GARAGE,N,N,622,21,05,1177065,1850980,41.74642513427802,-87.62676659127297,"(41.74642513427802, -87.62676659127297)"
HX479598,10/23/2014 09:00:00 PM,0000X E 59TH ST,4625,OTHER OFFENSE,PAROLE VIOLATION,STREET,Y,N,232,20,26,1177829,1865877,41.78728688008937,-87.62351666574372,"(41.78728688008937, -87.62351666574372)"
HX479572,10/23/2014 09:00:00 PM,035XX W BELMONT AVE,0320,ROBBERY,STRONGARM - NO WEAPON,ALLEY,N,N,1412,35,03,1151901,1921004,41.93910977768914,-87.71713313413896,"(41.93910977768914, -87.71713313413896)"
HX538608,10/23/2014 09:00:00 PM,046XX N SHERIDAN RD,0890,THEFT,FROM BUILDING,OTHER,N,N,1914,46,06,1168826,1930792,41.96561773700249,-87.65464454635635,"(41.96561773700249, -87.65464454635635)"
HX479574,10/23/2014 09:10:00 PM,078XX S SEELEY AVE,0486,BATTERY,DOMESTIC BATTERY SIMPLE,SIDEWALK,N,Y,611,18,08B,1164095,1852729,41.751507074704016,-87.67424266828517,"(41.751507074704016, -87.67424266828517)"
HX479645,10/23/2014 09:10:00 PM,112XX S EMERALD AVE,0820,THEFT,$500 AND UNDER,STREET,N,N,2233,34,06,1173291,1830082,41.68916224622263,-87.64121094687408,"(41.68916224622263, -87.64121094687408)"
HX479628,10/23/2014 09:11:00 PM,024XX E 79TH ST,502P,OTHER OFFENSE,FALSE/STOLEN/ALTERED TRP,STREET,Y,N,422,7,26,1193932,1853024,41.75163734957355,-87.56489605618019,"(41.75163734957355, -87.56489605618019)"
HX479587,10/23/2014 09:15:00 PM,051XX S WENTWORTH AVE,0560,ASSAULT,SIMPLE,STREET,N,Y,225,3,08A,1175785,1871142,41.80178062955773,-87.63085332386474,"(41.80178062955773, -87.63085332386474)"
HX479589,10/23/2014 09:15:00 PM,041XX W GRAND AVE,2027,NARCOTICS,POSS: CRACK,STREET,Y,N,2534,37,18,1148162,1909616,41.90793297437526,-87.73116897386399,"(41.90793297437526, -87.73116897386399)"
HX479647,10/23/2014 09:15:00 PM,048XX W JACKSON BLVD,2092,NARCOTICS,SOLICIT NARCOTICS ON PUBLICWAY,SIDEWALK,Y,N,1533,24,26,1144323,1898196,41.876668266817035,-87.74555898117988,"(41.876668266817035, -87.74555898117988)"
HX479950,10/23/2014 09:20:00 PM,010XX W MONTROSE AVE,0820,THEFT,$500 AND UNDER,PARKING LOT/GARAGE(NON.RESID.),N,N,1913,46,06,1168450,1929422,41.96186657537476,-87.6560668259703,"(41.96186657537476, -87.6560668259703)"
HX479614,10/23/2014 09:20:00 PM,025XX W 59TH ST,0486,BATTERY,DOMESTIC BATTERY SIMPLE,APARTMENT,N,Y,824,16,08B,1160527,1865419,41.78640452470655,-87.68696828703547,"(41.78640452470655, -87.68696828703547)"
HX479600,10/23/2014 09:21:00 PM,074XX N RIDGE BLVD,1811,NARCOTICS,POSS: CANNABIS 30GMS OR LESS,ALLEY,Y,N,2424,49,18,1160668,1949201,42.01630610417769,-87.68412662243315,"(42.01630610417769, -87.68412662243315)"
HX479519,10/23/2014 09:23:00 PM,014XX W 72ND PL,0110,HOMICIDE,FIRST DEGREE MURDER,STREET,Y,N,734,17,01A,1168084,1856673,41.7622451587306,-87.65951166038406,"(41.7622451587306, -87.65951166038406)"
HX479625,10/23/2014 09:30:00 PM,062XX S EBERHART AVE,4625,OTHER OFFENSE,PAROLE VIOLATION,SIDEWALK,Y,N,313,20,26,1180687,1863946,41.7819228087712,-87.61309703287677,"(41.7819228087712, -87.61309703287677)"
HX479633,10/23/2014 09:30:00 PM,054XX W MADISON ST,4625,OTHER OFFENSE,PAROLE VIOLATION,SIDEWALK,Y,N,1522,29,26,1139893,1899445,41.88017778253353,-87.7617942305946,"(41.88017778253353, -87.7617942305946)"
HX479920,10/23/2014 09:30:00 PM,054XX W FERDINAND ST,1320,CRIMINAL DAMAGE,TO VEHICLE,STREET,N,N,1523,37,14,1139949,1902661,41.88900187061523,-87.76150991504977,"(41.88900187061523, -87.76150991504977)"
HX479638,10/23/2014 09:30:00 PM,132XX S DR MARTIN LUTHER KING JR DR,0560,ASSAULT,SIMPLE,GOVERNMENT BUILDING/PROPERTY,N,Y,533,9,08A,1181095,1817830,41.65536533033841,-87.6130157871403,"(41.65536533033841, -87.6130157871403)"
HX479650,10/23/2014 09:30:00 PM,123XX S LOWE AVE,0610,BURGLARY,FORCIBLE ENTRY,RESIDENCE,N,N,523,34,05,1174183,1822812,41.66919249216488,-87.63816010370314,"(41.66919249216488, -87.63816010370314)"
HX482400,10/23/2014 09:30:00 PM,049XX W ALTGELD ST,1750,OFFENSE INVOLVING CHILDREN,CHILD ABUSE,RESIDENCE,Y,Y,2521,31,20,1142907,1916220,41.92615465790515,-87.75030839079898,"(41.92615465790515, -87.75030839079898)"
HX480173,10/23/2014 09:30:00 PM,051XX S UNION AVE,0820,THEFT,$500 AND UNDER,STREET,N,N,935,3,06,1172549,1870793,41.800894897797505,-87.64273122796375,"(41.800894897797505, -87.64273122796375)"
HX480069,10/23/2014 09:30:00 PM,055XX N KENMORE AVE,0281,CRIM SEXUAL ASSAULT,NON-AGGRAVATED,NURSING HOME/RETIREMENT HOME,N,N,2023,48,02,1168283,1937195,41.98319953845006,-87.65645501360792,"(41.98319953845006, -87.65645501360792)"
HX479630,10/23/2014 09:30:00 PM,037XX W 78TH PL,0530,ASSAULT,AGGRAVATED: OTHER DANG WEAPON,RESIDENCE,N,N,833,18,04A,1152890,1852316,41.750601940351004,-87.71531491520919,"(41.750601940351004, -87.71531491520919)"
HX479857,10/23/2014 09:30:00 PM,010XX W MONTROSE AVE,0820,THEFT,$500 AND UNDER,PARKING LOT/GARAGE(NON.RESID.),N,N,1913,46,06,1168450,1929422,41.96186657537476,-87.6560668259703,"(41.96186657537476, -87.6560668259703)"
HX479677,10/23/2014 09:37:00 PM,075XX S SANGAMON ST,031A,ROBBERY,ARMED: HANDGUN,OTHER,N,N,621,17,03,1171324,1854746,41.75688696733949,-87.64769292964375,"(41.75688696733949, -87.64769292964375)"
HX479623,10/23/2014 09:45:00 PM,010XX W WINONA ST,1320,CRIMINAL DAMAGE,TO VEHICLE,STREET,Y,N,2024,46,14,1168670,1934271,41.97516760643342,-87.65511685953773,"(41.97516760643342, -87.65511685953773)"
HX479687,10/23/2014 09:46:00 PM,034XX W FRANKLIN BLVD,143A,WEAPONS VIOLATION,UNLAWFUL POSS OF HANDGUN,APARTMENT,N,N,1121,27,15,1153246,1903158,41.89011215028774,-87.71266452838167,"(41.89011215028774, -87.71266452838167)"
HX479624,10/23/2014 09:48:00 PM,130XX S ELLIS AVE,2020,NARCOTICS,POSS: AMPHETAMINES,CHA PARKING LOT/GROUNDS,Y,N,533,9,18,1185342,1818824,41.65799457276923,-87.59744485346313,"(41.65799457276923, -87.59744485346313)"
HX479626,10/23/2014 09:50:00 PM,049XX W ADAMS ST,0486,BATTERY,DOMESTIC BATTERY SIMPLE,ALLEY,N,N,1533,28,08B,1143623,1898921,41.878670882167505,-87.74811104055286,"(41.878670882167505, -87.74811104055286)"
HX479639,10/23/2014 09:50:00 PM,047XX N RACINE AVE,0460,BATTERY,SIMPLE,OTHER,Y,N,1913,46,08B,1167411,1931878,41.96862839656656,-87.65981578551062,"(41.96862839656656, -87.65981578551062)"
HX480044,10/23/2014 10:00:00 PM,055XX N CHRISTIANA AVE,0910,MOTOR VEHICLE THEFT,AUTOMOBILE,VEHICLE NON-COMMERCIAL,N,N,1712,40,07,1153093,1936659,41.98204453296584,-87.71233522046778,"(41.98204453296584, -87.71233522046778)"
HX479985,10/23/2014 10:00:00 PM,110XX S EMERALD AVE,0910,MOTOR VEHICLE THEFT,AUTOMOBILE,RESIDENTIAL YARD (FRONT/BACK),N,N,2233,34,07,1173326,1831483,41.6930060366192,-87.64104159187067,"(41.6930060366192, -87.64104159187067)"
HX479656,10/23/2014 10:00:00 PM,083XX S EAST END AVE,0560,ASSAULT,SIMPLE,APARTMENT,N,N,412,8,08A,1189094,1849737,41.74273471955022,-87.582729826791,"(41.74273471955022, -87.582729826791)"
HX480664,10/23/2014 10:00:00 PM,045XX N BEACON ST,0486,BATTERY,DOMESTIC BATTERY SIMPLE,RESIDENCE,N,Y,1913,46,08B,1166312,1930172,41.96397070589397,-87.66390575957831,"(41.96397070589397, -87.66390575957831)"
HX496129,10/23/2014 10:00:00 PM,131XX S ST LAWRENCE AVE,1210,DECEPTIVE PRACTICE,THEFT OF LABOR/SERVICES,RESIDENCE,N,N,533,9,11,1182620,1818385,41.65685322958587,-87.60741866178795,"(41.65685322958587, -87.60741866178795)"
HX479653,10/23/2014 10:00:00 PM,054XX S HALSTED ST,0460,BATTERY,SIMPLE,SIDEWALK,N,N,934,20,08B,1171865,1868417,41.79438995237022,-87.64530942241942,"(41.79438995237022, -87.64530942241942)"
HX479840,10/23/2014 10:00:00 PM,043XX S SAWYER AVE,0820,THEFT,$500 AND UNDER,RESIDENCE PORCH/HALLWAY,N,N,821,14,06,1155442,1875888,41.81523630032048,-87.70533221054522,"(41.81523630032048, -87.70533221054522)"
HX479897,10/23/2014 10:00:00 PM,010XX N LAVERGNE AVE,0810,THEFT,OVER $500,STREET,N,N,1531,37,06,1142790,1906804,41.900318320648374,-87.75097324389122,"(41.900318320648374, -87.75097324389122)"
HX480030,10/23/2014 10:00:00 PM,065XX S FAIRFIELD AVE,0820,THEFT,$500 AND UNDER,RESIDENCE-GARAGE,N,N,831,15,06,1159215,1860952,41.774173410412985,-87.69190095363349,"(41.774173410412985, -87.69190095363349)"
HX480039,10/23/2014 10:00:00 PM,061XX S SPRINGFIELD AVE,0930,MOTOR VEHICLE THEFT,THEFT/RECOVERY: AUTOMOBILE,STREET,N,N,823,13,07,1151389,1863496,41.78131114099583,-87.72052347129298,"(41.78131114099583, -87.72052347129298)"
HX480090,10/23/2014 10:00:00 PM,017XX W HOWARD ST,0910,MOTOR VEHICLE THEFT,AUTOMOBILE,PARKING LOT/GARAGE(NON.RESID.),N,N,2422,49,07,1163125,1950307,42.01928949718672,-87.67505429659552,"(42.01928949718672, -87.67505429659552)"
HX479632,10/23/2014 10:00:00 PM,014XX S SPAULDING AVE,0560,ASSAULT,SIMPLE,APARTMENT,N,Y,1021,24,08A,1154561,1892750,41.86152531186709,-87.70811365646324,"(41.86152531186709, -87.70811365646324)"
HX484026,10/23/2014 10:00:00 PM,0000X N MAYFIELD AVE,0810,THEFT,OVER $500,APARTMENT,N,N,1513,29,06,1137206,1899599,41.880649058530636,-87.7716570430464,"(41.880649058530636, -87.7716570430464)"
HX479691,10/23/2014 10:04:00 PM,002XX N LAPORTE AVE,2024,NARCOTICS,POSS: HEROIN(WHITE),RESIDENCE,Y,N,1532,28,18,1143374,1901202,41.884934879945476,-87.74896830028935,"(41.884934879945476, -87.74896830028935)"
HX479679,10/23/2014 10:15:00 PM,014XX N LOTUS AVE,031A,ROBBERY,ARMED: HANDGUN,SIDEWALK,N,N,2532,37,03,1139700,1909374,41.90742770188954,-87.76226025403759,"(41.90742770188954, -87.76226025403759)"
HX479659,10/23/2014 10:15:00 PM,045XX N CLARENDON AVE,0486,BATTERY,DOMESTIC BATTERY SIMPLE,APARTMENT,N,Y,1914,46,08B,1170057,1930345,41.96436430957619,-87.65013155529033,"(41.96436430957619, -87.65013155529033)"
HX479664,10/23/2014 10:20:00 PM,051XX N SHERIDAN RD,0820,THEFT,$500 AND UNDER,RESTAURANT,N,N,2024,48,06,1168658,1934660,41.97623529376454,-87.6551496624915,"(41.97623529376454, -87.6551496624915)"
HX479642,10/23/2014 10:21:00 PM,0000X W 118TH ST,2027,NARCOTICS,POSS: CRACK,ALLEY,Y,N,522,34,18,1177816,1826676,41.67971471240643,-87.62474764997866,"(41.67971471240643, -87.62474764997866)"
HX479684,10/23/2014 10:23:00 PM,025XX W DIVISION ST,0460,BATTERY,SIMPLE,SIDEWALK,Y,N,1423,26,08B,1159089,1907929,41.90308619863873,-87.69107515595894,"(41.90308619863873, -87.69107515595894)"
HX479692,10/23/2014 10:23:00 PM,023XX S PRINCETON AVE,0810,THEFT,OVER $500,STREET,N,N,914,25,06,1174535,1889011,41.85084267061085,-87.63490478918976,"(41.85084267061085, -87.63490478918976)"
HX479657,10/23/2014 10:27:00 PM,128XX S EMERALD AVE,1310,CRIMINAL DAMAGE,TO PROPERTY,RESIDENCE,N,N,523,34,14,1173701,1819895,41.6611984119675,-87.64001002930688,"(41.6611984119675, -87.64001002930688)"
HX480772,10/23/2014 10:30:00 PM,026XX S KEDZIE AVE,0610,BURGLARY,FORCIBLE ENTRY,RESIDENCE,N,N,1032,22,05,1155413,1886216,41.843578204239186,-87.70516156762697,"(41.843578204239186, -87.70516156762697)"
HX479663,10/23/2014 10:30:00 PM,017XX N KEYSTONE AVE,1320,CRIMINAL DAMAGE,TO VEHICLE,STREET,N,N,2534,30,14,1149156,1911133,41.91207656437729,-87.72747814509232,"(41.91207656437729, -87.72747814509232)"
HX483746,10/23/2014 10:30:00 PM,078XX S COLES AVE,0497,BATTERY,AGGRAVATED DOMESTIC BATTERY: OTHER DANG WEAPON,STREET,N,Y,421,7,04B,1197431,1853736,41.75350465719762,-87.55205045610369,"(41.75350465719762, -87.55205045610369)"
HX479885,10/23/2014 10:30:00 PM,045XX N WOLCOTT AVE,0810,THEFT,OVER $500,ALLEY,N,N,1912,47,06,1163039,1930287,41.96435580925068,-87.6759363053338,"(41.96435580925068, -87.6759363053338)"
HX479654,10/23/2014 10:30:00 PM,033XX W POLK ST,1811,NARCOTICS,POSS: CANNABIS 30GMS OR LESS,SIDEWALK,Y,N,1134,24,18,1154264,1896213,41.871034092244116,-87.70911146049227,"(41.871034092244116, -87.70911146049227)"
HX479678,10/23/2014 10:35:00 PM,063XX S LOREL AVE,1811,NARCOTICS,POSS: CANNABIS 30GMS OR LESS,STREET,Y,N,813,13,18,1141860,1862202,41.77794122223923,-87.7554913634478,"(41.77794122223923, -87.7554913634478)"
HX479671,10/23/2014 10:41:00 PM,082XX S RHODES AVE,1811,NARCOTICS,POSS: CANNABIS 30GMS OR LESS,SIDEWALK,Y,N,631,6,18,1181389,1850153,41.74405722793401,-87.61094801896063,"(41.74405722793401, -87.61094801896063)"
HX479665,10/23/2014 10:45:00 PM,0000X W TERMINAL ST,5007,OTHER OFFENSE,OTHER WEAPONS VIOLATION,AIRPORT TERMINAL UPPER LEVEL - SECURE AREA,N,N,1655,41,26,1104700,1933701,41.97475218659216,-87.89037291196016,"(41.97475218659216, -87.89037291196016)"
HX479676,10/23/2014 10:45:00 PM,048XX W AUGUSTA BLVD,031A,ROBBERY,ARMED: HANDGUN,SIDEWALK,N,N,1531,37,03,1144108,1906253,41.89878166169143,-87.74614597169092,"(41.89878166169143, -87.74614597169092)"
HX479680,10/23/2014 10:50:00 PM,070XX N CLARK ST,1513,PROSTITUTION,SOLICIT FOR BUSINESS,STREET,Y,N,2424,49,16,1163344,1946926,42.01000734298577,-87.67434418744595,"(42.01000734298577, -87.67434418744595)"
HX479682,10/23/2014 10:55:00 PM,004XX W EVERGREEN AVE,1330,CRIMINAL TRESPASS,TO LAND,PARKING LOT/GARAGE(NON.RESID.),Y,N,1821,27,26,1173241,1909246,41.906397604565605,-87.63905322063667,"(41.906397604565605, -87.63905322063667)"
HX479708,10/23/2014 10:55:00 PM,030XX W BELMONT AVE,2021,NARCOTICS,POSS: BARBITUATES,GAS STATION,Y,N,1411,33,18,1155788,1921084,41.939251744820005,-87.70284515350026,"(41.939251744820005, -87.70284515350026)"
HX479667,10/23/2014 10:56:00 PM,057XX S RACINE AVE,1811,NARCOTICS,POSS: CANNABIS 30GMS OR LESS,PARK PROPERTY,Y,N,712,16,18,1169335,1866922,41.790342690472485,-87.65463011542226,"(41.790342690472485, -87.65463011542226)"
HX479717,10/23/2014 10:59:00 PM,007XX W 56TH ST,1460,WEAPONS VIOLATION,POSS FIREARM/AMMO:NO FOID CARD,ALLEY,Y,N,711,20,15,1172291,1867671,41.792333481068106,-87.64376924155042,"(41.792333481068106, -87.64376924155042)"
HX491277,10/23/2014 11:00:00 PM,016XX S ST LOUIS AVE,0820,THEFT,$500 AND UNDER,RESIDENCE,N,N,1021,24,06,1153274,1891294,41.857555502835794,-87.71287664963691,"(41.857555502835794, -87.71287664963691)"
HX480570,10/23/2014 11:00:00 PM,082XX S PRAIRIE AVE,1310,CRIMINAL DAMAGE,TO PROPERTY,RESIDENCE,N,N,631,6,14,1179506,1850426,41.74484954247299,-87.61783914243621,"(41.74484954247299, -87.61783914243621)"
HX480352,10/23/2014 11:00:00 PM,122XX S MAY ST,0910,MOTOR VEHICLE THEFT,AUTOMOBILE,STREET,N,N,524,34,07,1170926,1823407,41.67089675488378,-87.65006295107092,"(41.67089675488378, -87.65006295107092)"
HX479936,10/23/2014 11:00:00 PM,105XX S WHIPPLE ST,0820,THEFT,$500 AND UNDER,STREET,N,N,2211,19,06,1157881,1834506,41.70162843563233,-87.69750743276344,"(41.70162843563233, -87.69750743276344)"
HX479730,10/23/2014 11:00:00 PM,056XX N MILWAUKEE AVE,1811,NARCOTICS,POSS: CANNABIS 30GMS OR LESS,VEHICLE NON-COMMERCIAL,Y,N,1622,45,18,1136189,1936849,41.98288537705803,-87.77449991193217,"(41.98288537705803, -87.77449991193217)"
HX484471,10/23/2014 11:00:00 PM,113XX S AVENUE L,0810,THEFT,OVER $500,DRIVEWAY - RESIDENTIAL,N,N,433,10,06,1201853,1830434,41.68945086781333,-87.5366361027769,"(41.68945086781333, -87.5366361027769)"
HX481813,10/23/2014 11:00:00 PM,019XX W CERMAK RD,0810,THEFT,OVER $500,RESIDENTIAL YARD (FRONT/BACK),Y,N,1234,25,06,1163794,1889460,41.85230773105733,-87.67431368299518,"(41.85230773105733, -87.67431368299518)"
HX480093,10/23/2014 11:00:00 PM,016XX W BELMONT AVE,1310,CRIMINAL DAMAGE,TO PROPERTY,DRUG STORE,N,N,1931,32,14,1164584,1921263,41.93956085805311,-87.67051239386305,"(41.93956085805311, -87.67051239386305)"
HX479705,10/23/2014 11:00:00 PM,012XX W CHICAGO AVE,1310,CRIMINAL DAMAGE,TO PROPERTY,RESIDENCE,N,N,1215,27,14,1167768,1905445,41.89608720750085,-87.65926725892488,"(41.89608720750085, -87.65926725892488)"
HX479703,10/23/2014 11:00:00 PM,069XX N RIDGE BLVD,5002,OTHER OFFENSE,OTHER VEHICLE OFFENSE,STREET,N,Y,2424,49,26,1161617,1945729,42.006759047693855,-87.68073197969073,"(42.006759047693855, -87.68073197969073)"
HX479707,10/23/2014 11:03:00 PM,049XX S ASHLAND AVE,0460,BATTERY,SIMPLE,SIDEWALK,Y,N,931,16,08B,1166476,1871640,41.80335089879655,-87.66497881719663,"(41.80335089879655, -87.66497881719663)"
HX484614,10/23/2014 11:03:00 PM,073XX S EUCLID AVE,2820,OTHER OFFENSE,TELEPHONE THREAT,RESIDENCE,N,N,333,5,26,,,,,
HX479699,10/23/2014 11:10:00 PM,032XX W BELMONT AVE,0460,BATTERY,SIMPLE,SIDEWALK,Y,N,1412,35,08B,1154438,1921063,41.93922125790863,-87.7078073569988,"(41.93922125790863, -87.7078073569988)"
HX479694,10/23/2014 11:10:00 PM,006XX W 60TH ST,0820,THEFT,$500 AND UNDER,SIDEWALK,N,N,711,20,06,1172783,1864908,41.78474066300772,-87.64204661925855,"(41.78474066300772, -87.64204661925855)"
HX479701,10/23/2014 11:11:00 PM,058XX W WILSON AVE,0850,THEFT,ATTEMPT THEFT,ALLEY,N,N,1622,38,06,1136404,1930025,41.964155855588515,-87.77387307640274,"(41.964155855588515, -87.77387307640274)"
HX479769,10/23/2014 11:16:00 PM,008XX W DIVERSEY PKWY,2250,LIQUOR LAW VIOLATION,LIQUOR LICENSE VIOLATION,TAVERN/LIQUOR STORE,Y,N,1933,44,22,1170325,1918851,41.93281847991343,-87.64948338469104,"(41.93281847991343, -87.64948338469104)"
HX479693,10/23/2014 11:20:00 PM,006XX N LATROBE AVE,0486,BATTERY,DOMESTIC BATTERY SIMPLE,SIDEWALK,N,Y,1524,28,08B,1141290,1903660,41.89171862020814,-87.75656050952647,"(41.89171862020814, -87.75656050952647)"
HX479696,10/23/2014 11:20:00 PM,030XX W JACKSON BLVD,0486,BATTERY,DOMESTIC BATTERY SIMPLE,HOTEL/MOTEL,N,Y,1124,28,08B,1156395,1898499,41.87726431684011,-87.70122594936373,"(41.87726431684011, -87.70122594936373)"
HX479695,10/23/2014 11:25:00 PM,070XX N CLARK ST,1512,PROSTITUTION,SOLICIT FOR PROSTITUTE,SIDEWALK,Y,N,2424,49,16,1163344,1946926,42.01000734298577,-87.67434418744595,"(42.01000734298577, -87.67434418744595)"
HX479697,10/23/2014 11:25:00 PM,031XX N CENTRAL AVE,0530,ASSAULT,AGGRAVATED: OTHER DANG WEAPON,STREET,Y,N,2514,30,04A,1138440,1920447,41.93783616856144,-87.76662004883126,"(41.93783616856144, -87.76662004883126)"
HX479711,10/23/2014 11:30:00 PM,084XX S ESCANABA AVE,0486,BATTERY,DOMESTIC BATTERY SIMPLE,RESIDENCE,N,Y,423,10,08B,1196992,1849566,41.742072794006475,-87.55379763946773,"(41.742072794006475, -87.55379763946773)"
HX480430,10/23/2014 11:30:00 PM,026XX N LARAMIE AVE,0810,THEFT,OVER $500,APARTMENT,N,N,2514,31,06,1141232,1916942,41.928166988328414,-87.75644544611986,"(41.928166988328414, -87.75644544611986)"
HX480001,10/23/2014 11:30:00 PM,030XX N SEMINARY AVE,1150,DECEPTIVE PRACTICE,CREDIT CARD FRAUD,RESTAURANT,N,N,1933,44,11,1168463,1920294,41.936818691137745,-87.65628413603754,"(41.936818691137745, -87.65628413603754)"
HX479704,10/23/2014 11:32:00 PM,016XX W 48TH ST,2024,NARCOTICS,POSS: HEROIN(WHITE),STREET,Y,N,931,20,18,1166116,1872923,41.80687927301612,-87.6662625913424,"(41.80687927301612, -87.6662625913424)"
HX479760,10/23/2014 11:34:00 PM,057XX W FULLERTON AVE,5007,OTHER OFFENSE,OTHER WEAPONS VIOLATION,GAS STATION,Y,N,2515,37,26,1137951,1915340,41.92383086616495,-87.76854088617205,"(41.92383086616495, -87.76854088617205)"
HX479698,10/23/2014 11:40:00 PM,105XX S PERRY AVE,0560,ASSAULT,SIMPLE,RESIDENCE,N,N,512,34,08A,1177428,1834985,41.70252457662531,-87.62591811853292,"(41.70252457662531, -87.62591811853292)"
HX479715,10/23/2014 11:40:00 PM,091XX S GREENWOOD AVE,502R,OTHER OFFENSE,VEHICLE TITLE/REG OFFENSE,STREET,Y,N,413,8,26,1185106,1844505,41.72847207209057,-87.59750565618644,"(41.72847207209057, -87.59750565618644)"
HX479728,10/23/2014 11:41:00 PM,036XX W AUGUSTA BLVD,2093,NARCOTICS,FOUND SUSPECT NARCOTICS,VEHICLE NON-COMMERCIAL,Y,N,1112,27,26,1152162,1906468,41.89921656707002,-87.71655811004288,"(41.89921656707002, -87.71655811004288)"
HX479722,10/23/2014 11:49:00 PM,070XX S INDIANA AVE,0486,BATTERY,DOMESTIC BATTERY SIMPLE,APARTMENT,N,Y,322,6,08B,1178847,1858512,41.767053445693115,-87.62000813293862,"(41.767053445693115, -87.62000813293862)"
HX479732,10/23/2014 11:50:00 PM,019XX S SPAULDING AVE,0430,BATTERY,AGGRAVATED: OTHER DANG WEAPON,APARTMENT,N,N,1024,24,04B,1154631,1890266,41.85470753719276,-87.70792311655266,"(41.85470753719276, -87.70792311655266)"
HX479914,10/23/2014 11:50:00 PM,038XX N HAMLIN AVE,0810,THEFT,OVER $500,STREET,N,N,1732,39,06,1150335,1925258,41.950813832773086,-87.72277727337445,"(41.950813832773086, -87.72277727337445)"
HX483887,10/24/2014 12:00:00 AM,014XX S ST LOUIS AVE,0890,THEFT,FROM BUILDING,VACANT LOT/LAND,N,N,1021,24,06,1153312,1892760,41.86157762087481,-87.71269826821533,"(41.86157762087481, -87.71269826821533)"
HX479879,10/24/2014 12:00:00 AM,007XX N KILBOURN AVE,0810,THEFT,OVER $500,GOVERNMENT BUILDING/PROPERTY,N,N,1111,28,06,1145767,1904615,41.8942554885535,-87.7400940783394,"(41.8942554885535, -87.7400940783394)"
HX483142,10/24/2014 12:00:00 AM,030XX N RAVENSWOOD AVE,0910,MOTOR VEHICLE THEFT,AUTOMOBILE,STREET,N,N,1931,32,07,1163845,1920587,41.93772152405337,-87.67324755811067,"(41.93772152405337, -87.67324755811067)"
HX483840,10/24/2014 12:00:00 AM,010XX W MADISON ST,1150,DECEPTIVE PRACTICE,CREDIT CARD FRAUD,RESIDENCE,N,N,1224,27,11,1169578,1900252,41.8817980503408,-87.65277080544297,"(41.8817980503408, -87.65277080544297)"
HX481431,10/24/2014 12:00:00 AM,104XX S SACRAMENTO AVE,0820,THEFT,$500 AND UNDER,STREET,N,N,2211,19,06,1158163,1835087,41.70321708699942,-87.69645909504119,"(41.70321708699942, -87.69645909504119)"
HX480955,10/24/2014 12:00:00 AM,057XX S ABERDEEN ST,0810,THEFT,OVER $500,RESIDENCE,N,N,712,16,06,1170010,1866466,41.789076724890016,-87.6521683187704,"(41.789076724890016, -87.6521683187704)"
HX497000,10/24/2014 12:01:00 AM,037XX N HALSTED ST,0820,THEFT,$500 AND UNDER,STREET,N,N,1925,46,06,1170298,1924910,41.94944521347459,-87.6494049554902,"(41.94944521347459, -87.6494049554902)"
HX517408,10/24/2014 12:01:00 AM,015XX N MILWAUKEE AVE,1153,DECEPTIVE PRACTICE,FINANCIAL IDENTITY THEFT OVER $ 300,SMALL RETAIL STORE,N,N,1424,1,11,1163228,1910283,41.90945970458762,-87.67580552010023,"(41.90945970458762, -87.67580552010023)"
HX491358,10/24/2014 12:01:00 AM,062XX S WOODLAWN AVE,1153,DECEPTIVE PRACTICE,FINANCIAL IDENTITY THEFT OVER $ 300,RESIDENCE,N,N,314,20,11,1185331,1863762,41.781309893699735,-87.59607693305331,"(41.781309893699735, -87.59607693305331)"
HX539637,10/24/2014 12:01:00 AM,065XX S WESTERN AVE,0810,THEFT,OVER $500,RESIDENCE,N,N,832,15,06,1161545,1860967,41.77416656675501,-87.68335914202302,"(41.77416656675501, -87.68335914202302)"
HX507235,10/24/2014 12:01:00 AM,064XX W FOSTER AVE,2825,OTHER OFFENSE,HARASSMENT BY TELEPHONE,RESIDENCE,N,N,1613,41,26,1132273,1934225,41.97575408087512,-87.78896370013265,"(41.97575408087512, -87.78896370013265)"
HX504400,10/24/2014 12:01:00 AM,067XX S STONY ISLAND AVE,1122,DECEPTIVE PRACTICE,COUNTERFEIT CHECK,CURRENCY EXCHANGE,N,N,332,5,10,1187986,1860704,41.77285561380765,-87.58644063387943,"(41.77285561380765, -87.58644063387943)"
HX527811,10/24/2014 12:01:00 AM,006XX W 46TH PL,0810,THEFT,OVER $500,RESIDENCE,N,Y,925,11,06,1172754,1874016,41.80973461468029,-87.6418843363359,"(41.80973461468029, -87.6418843363359)"
HX488158,10/24/2014 12:01:00 AM,081XX S KILDARE AVE,1150,DECEPTIVE PRACTICE,CREDIT CARD FRAUD,OTHER,N,N,834,13,11,1149247,1850066,41.74449857550091,-87.72872270234872,"(41.74449857550091, -87.72872270234872)"
HX479792,10/24/2014 12:01:00 AM,003XX S PULASKI RD,0420,BATTERY,AGGRAVATED:KNIFE/CUTTING INSTR,SIDEWALK,N,N,1132,24,04B,1149753,1897756,41.8753570850011,-87.72563298917474,"(41.8753570850011, -87.72563298917474)"
HX479799,10/24/2014 12:02:00 AM,001XX N LOREL AVE,502R,OTHER OFFENSE,VEHICLE TITLE/REG OFFENSE,STREET,Y,N,1523,28,26,1140738,1900314,41.88254694507672,-87.7586700766959,"(41.88254694507672, -87.7586700766959)"
HX480243,10/24/2014 12:03:00 AM,061XX N BROADWAY,0820,THEFT,$500 AND UNDER,ATHLETIC CLUB,N,N,2433,48,06,1167239,1940580,41.992510636315764,-87.66019676843396,"(41.992510636315764, -87.66019676843396)"
HX479729,10/24/2014 12:05:00 AM,057XX W GRAND AVE,0486,BATTERY,DOMESTIC BATTERY SIMPLE,APARTMENT,N,Y,2515,29,08B,1137854,1913741,41.919444782904556,-87.76893597677332,"(41.919444782904556, -87.76893597677332)"
HX479757,10/24/2014 12:10:00 AM,023XX N KEYSTONE AVE,1305,CRIMINAL DAMAGE,CRIMINAL DEFACEMENT,FACTORY/MANUFACTURING BUILDING,Y,N,2525,31,14,1149034,1915288,41.92348063981149,-87.72781856740424,"(41.92348063981149, -87.72781856740424)"
HX479751,10/24/2014 12:12:00 AM,130XX S DANIEL DR,1330,CRIMINAL TRESPASS,TO LAND,OTHER,Y,N,533,9,26,1180297,1818764,41.65794663525768,-87.61590725421325,"(41.65794663525768, -87.61590725421325)"
HX479754,10/24/2014 12:15:00 AM,025XX W 62ND ST,0486,BATTERY,DOMESTIC BATTERY SIMPLE,APARTMENT,Y,Y,825,15,08B,1160537,1863423,41.78092702080085,-87.68698663407646,"(41.78092702080085, -87.68698663407646)"
HX479809,10/24/2014 12:15:00 AM,104XX S MICHIGAN AVE,0620,BURGLARY,UNLAWFUL ENTRY,NURSING HOME/RETIREMENT HOME,Y,N,512,9,05,1178829,1835494,41.70388964836392,-87.62077263490214,"(41.70388964836392, -87.62077263490214)"
HX479761,10/24/2014 12:15:00 AM,024XX E 72ND ST,0460,BATTERY,SIMPLE,RESTAURANT,N,N,334,7,08B,1193713,1857650,41.76433681676794,-87.56554727757268,"(41.76433681676794, -87.56554727757268)"
HX479731,10/24/2014 12:20:00 AM,016XX N LAMON AVE,1310,CRIMINAL DAMAGE,TO PROPERTY,APARTMENT,Y,Y,2533,37,14,1143200,1910648,41.91085903542551,-87.74937116059355,"(41.91085903542551, -87.74937116059355)"
HX479733,10/24/2014 12:20:00 AM,046XX S WASHTENAW AVE,0560,ASSAULT,SIMPLE,RESIDENTIAL YARD (FRONT/BACK),N,N,922,12,08A,1159111,1873694,41.809141319561235,-87.69193371446015,"(41.809141319561235, -87.69193371446015)"
HX479745,10/24/2014 12:26:00 AM,022XX S MARSHALL BLVD,4310,OTHER OFFENSE,POSSESSION OF BURGLARY TOOLS,ALLEY,Y,N,1033,12,26,1157089,1889105,41.851472142985884,-87.69893265469527,"(41.851472142985884, -87.69893265469527)"
HX479759,10/24/2014 12:30:00 AM,042XX W IRVING PARK RD,0420,BATTERY,AGGRAVATED:KNIFE/CUTTING INSTR,SIDEWALK,N,N,1722,38,04B,1147583,1926291,41.95370181929082,-87.73286693653029,"(41.95370181929082, -87.73286693653029)"
HX479727,10/24/2014 12:32:00 AM,0000X N HOMAN BLVD,0486,BATTERY,DOMESTIC BATTERY SIMPLE,GAS STATION,Y,N,1123,28,08B,1153743,1900443,41.882652037853276,-87.71091162887362,"(41.882652037853276, -87.71091162887362)"
HX479744,10/24/2014 12:35:00 AM,038XX W ROOSEVELT RD,1811,NARCOTICS,POSS: CANNABIS 30GMS OR LESS,SIDEWALK,Y,N,1011,24,18,1150980,1894397,41.8661156807515,-87.72121583668628,"(41.8661156807515, -87.72121583668628)"
HX479740,10/24/2014 12:45:00 AM,003XX N CICERO AVE,1811,NARCOTICS,POSS: CANNABIS 30GMS OR LESS,STREET,Y,N,1532,28,18,1144286,1901478,41.885675166086585,-87.74561231088646,"(41.885675166086585, -87.74561231088646)"
HX479750,10/24/2014 12:47:00 AM,028XX W WILCOX ST,0430,BATTERY,AGGRAVATED: OTHER DANG WEAPON,APARTMENT,N,N,1124,2,04B,1157441,1899188,41.87913379628982,-87.69736657429374,"(41.87913379628982, -87.69736657429374)"
